,id,iso2Code,name,region,capitalCity,longitude,latitude
0,ABW,AW,Aruba,Latin America & Caribbean ,Oranjestad,-70.0167,12.5167
1,AFE,ZH,Africa Eastern and Southern,Aggregates,,,
2,AFG,AF,Afghanistan,South Asia,Kabul,69.1761,34.5228
3,AFR,A9,Africa,Aggregates,,,
4,AFW,ZI,Africa Western and Central,Aggregates,,,
5,AGO,AO,Angola,Sub-Saharan Africa ,Luanda,13.242,-8.81155
6,ALB,AL,Albania,Europe & Central Asia,Tirane,19.8172,41.3317
7,AND,AD,Andorra,Europe & Central Asia,Andorra la Vella,1.5218,42.5075
8,ARB,1A,Arab World,Aggregates,,,
9,ARE,AE,United Arab Emirates,Middle East & North Africa,Abu Dhabi,54.3705,24.4764
10,ARG,AR,Argentina,Latin America & Caribbean ,Buenos Aires,-58.4173,-34.6118
11,ARM,AM,Armenia,Europe & Central Asia,Yerevan,44.509,40.1596
12,ASM,AS,American Samoa,East Asia & Pacific,Pago Pago,-170.691,-14.2846
13,ATG,AG,Antigua and Barbuda,Latin America & Caribbean ,Saint John's,-61.8456,17.1175
14,AUS,AU,Australia,East Asia & Pacific,Canberra,149.129,-35.282
15,AUT,AT,Austria,Europe & Central Asia,Vienna,16.3798,48.2201
16,AZE,AZ,Azerbaijan,Europe & Central Asia,Baku,49.8932,40.3834
17,BDI,BI,Burundi,Sub-Saharan Africa ,Bujumbura,29.3639,-3.3784
18,BEA,B4,East Asia & Pacific (IBRD-only countries),Aggregates,,,
19,BEC,B7,Europe & Central Asia (IBRD-only countries),Aggregates,,,
20,BEL,BE,Belgium,Europe & Central Asia,Brussels,4.36761,50.8371
21,BEN,BJ,Benin,Sub-Saharan Africa ,Porto-Novo,2.6323,6.4779
22,BFA,BF,Burkina Faso,Sub-Saharan Africa ,Ouagadougou,-1.53395,12.3605
23,BGD,BD,Bangladesh,South Asia,Dhaka,90.4113,23.7055
24,BGR,BG,Bulgaria,Europe & Central Asia,Sofia,23.3238,42.7105
25,BHI,B1,IBRD countries classified as high income,Aggregates,,,
26,BHR,BH,Bahrain,Middle East & North Africa,Manama,50.5354,26.1921
27,BHS,BS,"Bahamas, The",Latin America & Caribbean ,Nassau,-77.339,25.0661
28,BIH,BA,Bosnia and Herzegovina,Europe & Central Asia,Sarajevo,18.4214,43.8607
29,BLA,B2,Latin America & the Caribbean (IBRD-only countries),Aggregates,,,
30,BLR,BY,Belarus,Europe & Central Asia,Minsk,27.5766,53.9678
31,BLZ,BZ,Belize,Latin America & Caribbean ,Belmopan,-88.7713,17.2534
32,BMN,B3,Middle East & North Africa (IBRD-only countries),Aggregates,,,
33,BMU,BM,Bermuda,North America,Hamilton,-64.706,32.3293
34,BOL,BO,Bolivia,Latin America & Caribbean ,La Paz,-66.1936,-13.9908
35,BRA,BR,Brazil,Latin America & Caribbean ,Brasilia,-47.9292,-15.7801
36,BRB,BB,Barbados,Latin America & Caribbean ,Bridgetown,-59.6105,13.0935
37,BRN,BN,Brunei Darussalam,East Asia & Pacific,Bandar Seri Begawan,114.946,4.94199
38,BSS,B6,Sub-Saharan Africa (IBRD-only countries),Aggregates,,,
39,BTN,BT,Bhutan,South Asia,Thimphu,89.6177,27.5768
40,BWA,BW,Botswana,Sub-Saharan Africa ,Gaborone,25.9201,-24.6544
41,CAA,C9,Sub-Saharan Africa (IFC classification),Aggregates,,,
42,CAF,CF,Central African Republic,Sub-Saharan Africa ,Bangui,21.6407,5.63056
43,CAN,CA,Canada,North America,Ottawa,-75.6919,45.4215
44,CEA,C4,East Asia and the Pacific (IFC classification),Aggregates,,,
45,CEB,B8,Central Europe and the Baltics,Aggregates,,,
46,CEU,C5,Europe and Central Asia (IFC classification),Aggregates,,,
47,CHE,CH,Switzerland,Europe & Central Asia,Bern,7.44821,46.948
48,CHI,JG,Channel Islands,Europe & Central Asia,,,
49,CHL,CL,Chile,Latin America & Caribbean ,Santiago,-70.6475,-33.475
50,CHN,CN,China,East Asia & Pacific,Beijing,116.286,40.0495
51,CIV,CI,Cote d'Ivoire,Sub-Saharan Africa ,Yamoussoukro,-4.0305,5.332
52,CLA,C6,Latin America and the Caribbean (IFC classification),Aggregates,,,
53,CME,C7,Middle East and North Africa (IFC classification),Aggregates,,,
54,CMR,CM,Cameroon,Sub-Saharan Africa ,Yaounde,11.5174,3.8721
55,COD,CD,"Congo, Dem. Rep.",Sub-Saharan Africa ,Kinshasa,15.3222,-4.325
56,COG,CG,"Congo, Rep.",Sub-Saharan Africa ,Brazzaville,15.2662,-4.2767
57,COL,CO,Colombia,Latin America & Caribbean ,Bogota,-74.082,4.60987
58,COM,KM,Comoros,Sub-Saharan Africa ,Moroni,43.2418,-11.6986
59,CPV,CV,Cabo Verde,Sub-Saharan Africa ,Praia,-23.5087,14.9218
60,CRI,CR,Costa Rica,Latin America & Caribbean ,San Jose,-84.0089,9.63701
61,CSA,C8,South Asia (IFC classification),Aggregates,,,
62,CSS,S3,Caribbean small states,Aggregates,,,
63,CUB,CU,Cuba,Latin America & Caribbean ,Havana,-82.3667,23.1333
64,CUW,CW,Curacao,Latin America & Caribbean ,Willemstad,,
65,CYM,KY,Cayman Islands,Latin America & Caribbean ,George Town,-81.3857,19.3022
66,CYP,CY,Cyprus,Europe & Central Asia,Nicosia,33.3736,35.1676
67,CZE,CZ,Czechia,Europe & Central Asia,Prague,14.4205,50.0878
68,DEA,D4,East Asia & Pacific (IDA-eligible countries),Aggregates,,,
69,DEC,D7,Europe & Central Asia (IDA-eligible countries),Aggregates,,,
70,DEU,DE,Germany,Europe & Central Asia,Berlin,13.4115,52.5235
71,DJI,DJ,Djibouti,Middle East & North Africa,Djibouti,43.1425,11.5806
72,DLA,D2,Latin America & the Caribbean (IDA-eligible countries),Aggregates,,,
73,DMA,DM,Dominica,Latin America & Caribbean ,Roseau,-61.39,15.2976
74,DMN,D3,Middle East & North Africa (IDA-eligible countries),Aggregates,,,
75,DNK,DK,Denmark,Europe & Central Asia,Copenhagen,12.5681,55.6763
76,DNS,N6,IDA countries in Sub-Saharan Africa not classified as fragile situations ,Aggregates,,,
77,DOM,DO,Dominican Republic,Latin America & Caribbean ,Santo Domingo,-69.8908,18.479
78,DSA,D5,South Asia (IDA-eligible countries),Aggregates,,,
79,DSF,F6,IDA countries in Sub-Saharan Africa classified as fragile situations ,Aggregates,,,
80,DSS,D6,Sub-Saharan Africa (IDA-eligible countries),Aggregates,,,
81,DZA,DZ,Algeria,Middle East & North Africa,Algiers,3.05097,36.7397
82,EAP,4E,East Asia & Pacific (excluding high income),Aggregates,,,
83,EAR,V2,Early-demographic dividend,Aggregates,,,
84,EAS,Z4,East Asia & Pacific,Aggregates,,,
85,ECA,7E,Europe & Central Asia (excluding high income),Aggregates,,,
86,ECS,Z7,Europe & Central Asia,Aggregates,,,
87,ECU,EC,Ecuador,Latin America & Caribbean ,Quito,-78.5243,-0.229498
88,EGY,EG,"Egypt, Arab Rep.",Middle East & North Africa,Cairo,31.2461,30.0982
89,EMU,XC,Euro area,Aggregates,,,
90,ERI,ER,Eritrea,Sub-Saharan Africa ,Asmara,38.9183,15.3315
91,ESP,ES,Spain,Europe & Central Asia,Madrid,-3.70327,40.4167
92,EST,EE,Estonia,Europe & Central Asia,Tallinn,24.7586,59.4392
93,ETH,ET,Ethiopia,Sub-Saharan Africa ,Addis Ababa,38.7468,9.02274
94,EUU,EU,European Union,Aggregates,,,
95,FCS,F1,Fragile and conflict affected situations,Aggregates,,,
96,FIN,FI,Finland,Europe & Central Asia,Helsinki,24.9525,60.1608
97,FJI,FJ,Fiji,East Asia & Pacific,Suva,178.399,-18.1149
98,FRA,FR,France,Europe & Central Asia,Paris,2.35097,48.8566
99,FRO,FO,Faroe Islands,Europe & Central Asia,Torshavn,-6.91181,61.8926
100,FSM,FM,"Micronesia, Fed. Sts.",East Asia & Pacific,Palikir,158.185,6.91771
101,FXS,6F,"IDA countries classified as fragile situations, excluding Sub-Saharan Africa",Aggregates,,,
102,GAB,GA,Gabon,Sub-Saharan Africa ,Libreville,9.45162,0.38832
103,GBR,GB,United Kingdom,Europe & Central Asia,London,-0.126236,51.5002
104,GEO,GE,Georgia,Europe & Central Asia,Tbilisi,44.793,41.71
105,GHA,GH,Ghana,Sub-Saharan Africa ,Accra,-0.20795,5.57045
106,GIB,GI,Gibraltar,Europe & Central Asia,,,
107,GIN,GN,Guinea,Sub-Saharan Africa ,Conakry,-13.7,9.51667
108,GMB,GM,"Gambia, The",Sub-Saharan Africa ,Banjul,-16.5885,13.4495
109,GNB,GW,Guinea-Bissau,Sub-Saharan Africa ,Bissau,-15.1804,11.8037
110,GNQ,GQ,Equatorial Guinea,Sub-Saharan Africa ,Malabo,8.7741,3.7523
111,GRC,GR,Greece,Europe & Central Asia,Athens,23.7166,37.9792
112,GRD,GD,Grenada,Latin America & Caribbean ,Saint George's,-61.7449,12.0653
113,GRL,GL,Greenland,Europe & Central Asia,Nuuk,-51.7214,64.1836
114,GTM,GT,Guatemala,Latin America & Caribbean ,Guatemala City,-90.5328,14.6248
115,GUM,GU,Guam,East Asia & Pacific,Agana,144.794,13.4443
116,GUY,GY,Guyana,Latin America & Caribbean ,Georgetown,-58.1548,6.80461
117,HIC,XD,High income,Aggregates,,,
118,HKG,HK,"Hong Kong SAR, China",East Asia & Pacific,,114.109,22.3964
119,HND,HN,Honduras,Latin America & Caribbean ,Tegucigalpa,-87.4667,15.1333
120,HPC,XE,Heavily indebted poor countries (HIPC),Aggregates,,,
121,HRV,HR,Croatia,Europe & Central Asia,Zagreb,15.9614,45.8069
122,HTI,HT,Haiti,Latin America & Caribbean ,Port-au-Prince,-72.3288,18.5392
123,HUN,HU,Hungary,Europe & Central Asia,Budapest,19.0408,47.4984
124,IBB,ZB,"IBRD, including blend",Aggregates,,,
125,IBD,XF,IBRD only,Aggregates,,,
126,IBT,ZT,IDA & IBRD total,Aggregates,,,
127,IDA,XG,IDA total,Aggregates,,,
128,IDB,XH,IDA blend,Aggregates,,,
129,IDN,ID,Indonesia,East Asia & Pacific,Jakarta,106.83,-6.19752
130,IDX,XI,IDA only,Aggregates,,,
131,IMN,IM,Isle of Man,Europe & Central Asia,Douglas,-4.47928,54.1509
132,IND,IN,India,South Asia,New Delhi,77.225,28.6353
133,INX,XY,Not classified,Aggregates,,,
134,IRL,IE,Ireland,Europe & Central Asia,Dublin,-6.26749,53.3441
135,IRN,IR,"Iran, Islamic Rep.",Middle East & North Africa,Tehran,51.4447,35.6878
136,IRQ,IQ,Iraq,Middle East & North Africa,Baghdad,44.394,33.3302
137,ISL,IS,Iceland,Europe & Central Asia,Reykjavik,-21.8952,64.1353
138,ISR,IL,Israel,Middle East & North Africa,,35.2035,31.7717
139,ITA,IT,Italy,Europe & Central Asia,Rome,12.4823,41.8955
140,JAM,JM,Jamaica,Latin America & Caribbean ,Kingston,-76.792,17.9927
141,JOR,JO,Jordan,Middle East & North Africa,Amman,35.9263,31.9497
142,JPN,JP,Japan,East Asia & Pacific,Tokyo,139.77,35.67
143,KAZ,KZ,Kazakhstan,Europe & Central Asia,Astana,71.4382,51.1879
144,KEN,KE,Kenya,Sub-Saharan Africa ,Nairobi,36.8126,-1.27975
145,KGZ,KG,Kyrgyz Republic,Europe & Central Asia,Bishkek,74.6057,42.8851
146,KHM,KH,Cambodia,East Asia & Pacific,Phnom Penh,104.874,11.5556
147,KIR,KI,Kiribati,East Asia & Pacific,Tarawa,172.979,1.32905
148,KNA,KN,St. Kitts and Nevis,Latin America & Caribbean ,Basseterre,-62.7309,17.3
149,KOR,KR,"Korea, Rep.",East Asia & Pacific,Seoul,126.957,37.5323
150,KWT,KW,Kuwait,Middle East & North Africa,Kuwait City,47.9824,29.3721
151,LAC,XJ,Latin America & Caribbean (excluding high income),Aggregates,,,
152,LAO,LA,Lao PDR,East Asia & Pacific,Vientiane,102.177,18.5826
153,LBN,LB,Lebanon,Middle East & North Africa,Beirut,35.5134,33.8872
154,LBR,LR,Liberia,Sub-Saharan Africa ,Monrovia,-10.7957,6.30039
155,LBY,LY,Libya,Middle East & North Africa,Tripoli,13.1072,32.8578
156,LCA,LC,St. Lucia,Latin America & Caribbean ,Castries,-60.9832,14
157,LCN,ZJ,Latin America & Caribbean ,Aggregates,,,
158,LDC,XL,Least developed countries: UN classification,Aggregates,,,
159,LIC,XM,Low income,Aggregates,,,
160,LIE,LI,Liechtenstein,Europe & Central Asia,Vaduz,9.52148,47.1411
161,LKA,LK,Sri Lanka,South Asia,Colombo,79.8528,6.92148
162,LMC,XN,Lower middle income,Aggregates,,,
163,LMY,XO,Low & middle income,Aggregates,,,
164,LSO,LS,Lesotho,Sub-Saharan Africa ,Maseru,27.7167,-29.5208
165,LTE,V3,Late-demographic dividend,Aggregates,,,
166,LTU,LT,Lithuania,Europe & Central Asia,Vilnius,25.2799,54.6896
167,LUX,LU,Luxembourg,Europe & Central Asia,Luxembourg,6.1296,49.61
168,LVA,LV,Latvia,Europe & Central Asia,Riga,24.1048,56.9465
169,MAC,MO,"Macao SAR, China",East Asia & Pacific,,113.55,22.1667
170,MAF,MF,St. Martin (French part),Latin America & Caribbean ,Marigot,,
171,MAR,MA,Morocco,Middle East & North Africa,Rabat,-6.8704,33.9905
172,MCO,MC,Monaco,Europe & Central Asia,Monaco,7.41891,43.7325
173,MDA,MD,Moldova,Europe & Central Asia,Chisinau,28.8497,47.0167
174,MDE,M1,Middle East (developing only),Aggregates,,,
175,MDG,MG,Madagascar,Sub-Saharan Africa ,Antananarivo,45.7167,-20.4667
176,MDV,MV,Maldives,South Asia,Male,73.5109,4.1742
177,MEA,ZQ,Middle East & North Africa,Aggregates,,,
178,MEX,MX,Mexico,Latin America & Caribbean ,Mexico City,-99.1276,19.427
179,MHL,MH,Marshall Islands,East Asia & Pacific,Majuro,171.135,7.11046
180,MIC,XP,Middle income,Aggregates,,,
181,MKD,MK,North Macedonia,Europe & Central Asia,Skopje,21.4361,42.0024
182,MLI,ML,Mali,Sub-Saharan Africa ,Bamako,-7.50034,13.5667
183,MLT,MT,Malta,Middle East & North Africa,Valletta,14.5189,35.9042
184,MMR,MM,Myanmar,East Asia & Pacific,Naypyidaw,95.9562,21.914
185,MNA,XQ,Middle East & North Africa (excluding high income),Aggregates,,,
186,MNE,ME,Montenegro,Europe & Central Asia,Podgorica,19.2595,42.4602
187,MNG,MN,Mongolia,East Asia & Pacific,Ulaanbaatar,106.937,47.9129
188,MNP,MP,Northern Mariana Islands,East Asia & Pacific,Saipan,145.765,15.1935
189,MOZ,MZ,Mozambique,Sub-Saharan Africa ,Maputo,32.5713,-25.9664
190,MRT,MR,Mauritania,Sub-Saharan Africa ,Nouakchott,-15.9824,18.2367
191,MUS,MU,Mauritius,Sub-Saharan Africa ,Port Louis,57.4977,-20.1605
192,MWI,MW,Malawi,Sub-Saharan Africa ,Lilongwe,33.7703,-13.9899
193,MYS,MY,Malaysia,East Asia & Pacific,Kuala Lumpur,101.684,3.12433
194,NAC,XU,North America,Aggregates,,,
195,NAF,M2,North Africa,Aggregates,,,
196,NAM,NA,Namibia,Sub-Saharan Africa ,Windhoek,17.0931,-22.5648
197,NCL,NC,New Caledonia,East Asia & Pacific,Noum'ea,166.464,-22.2677
198,NER,NE,Niger,Sub-Saharan Africa ,Niamey,2.1073,13.514
199,NGA,NG,Nigeria,Sub-Saharan Africa ,Abuja,7.48906,9.05804
200,NIC,NI,Nicaragua,Latin America & Caribbean ,Managua,-86.2734,12.1475
201,NLD,NL,Netherlands,Europe & Central Asia,Amsterdam,4.89095,52.3738
202,NOR,NO,Norway,Europe & Central Asia,Oslo,10.7387,59.9138
203,NPL,NP,Nepal,South Asia,Kathmandu,85.3157,27.6939
204,NRS,6X,Non-resource rich Sub-Saharan Africa countries,Aggregates,,,
205,NRU,NR,Nauru,East Asia & Pacific,Yaren District,166.920867,-0.5477
206,NXS,6N,"IDA countries not classified as fragile situations, excluding Sub-Saharan Africa",Aggregates,,,
207,NZL,NZ,New Zealand,East Asia & Pacific,Wellington,174.776,-41.2865
208,OED,OE,OECD members,Aggregates,,,
209,OMN,OM,Oman,Middle East & North Africa,Muscat,58.5874,23.6105
210,OSS,S4,Other small states,Aggregates,,,
211,PAK,PK,Pakistan,South Asia,Islamabad,72.8,30.5167
212,PAN,PA,Panama,Latin America & Caribbean ,Panama City,-79.5188,8.99427
213,PER,PE,Peru,Latin America & Caribbean ,Lima,-77.0465,-12.0931
214,PHL,PH,Philippines,East Asia & Pacific,Manila,121.035,14.5515
215,PLW,PW,Palau,East Asia & Pacific,Koror,134.479,7.34194
216,PNG,PG,Papua New Guinea,East Asia & Pacific,Port Moresby,147.194,-9.47357
217,POL,PL,Poland,Europe & Central Asia,Warsaw,21.02,52.26
218,PRE,V1,Pre-demographic dividend,Aggregates,,,
219,PRI,PR,Puerto Rico,Latin America & Caribbean ,San Juan,-66,18.23
220,PRK,KP,"Korea, Dem. People's Rep.",East Asia & Pacific,Pyongyang,125.754,39.0319
221,PRT,PT,Portugal,Europe & Central Asia,Lisbon,-9.13552,38.7072
222,PRY,PY,Paraguay,Latin America & Caribbean ,Asuncion,-57.6362,-25.3005
223,PSE,PS,West Bank and Gaza,Middle East & North Africa,,,
224,PSS,S2,Pacific island small states,Aggregates,,,
225,PST,V4,Post-demographic dividend,Aggregates,,,
226,PYF,PF,French Polynesia,East Asia & Pacific,Papeete,-149.57,-17.535
227,QAT,QA,Qatar,Middle East & North Africa,Doha,51.5082,25.2948
228,ROU,RO,Romania,Europe & Central Asia,Bucharest,26.0979,44.4479
229,RRS,R6,Resource rich Sub-Saharan Africa countries,Aggregates,,,
230,RUS,RU,Russian Federation,Europe & Central Asia,Moscow,37.6176,55.7558
231,RWA,RW,Rwanda,Sub-Saharan Africa ,Kigali,30.0587,-1.95325
232,SAS,8S,South Asia,Aggregates,,,
233,SAU,SA,Saudi Arabia,Middle East & North Africa,Riyadh,46.6977,24.6748
234,SDN,SD,Sudan,Sub-Saharan Africa ,Khartoum,32.5363,15.5932
235,SEN,SN,Senegal,Sub-Saharan Africa ,Dakar,-17.4734,14.7247
236,SGP,SG,Singapore,East Asia & Pacific,Singapore,103.85,1.28941
237,SLB,SB,Solomon Islands,East Asia & Pacific,Honiara,159.949,-9.42676
238,SLE,SL,Sierra Leone,Sub-Saharan Africa ,Freetown,-13.2134,8.4821
239,SLV,SV,El Salvador,Latin America & Caribbean ,San Salvador,-89.2073,13.7034
240,SMR,SM,San Marino,Europe & Central Asia,San Marino,12.4486,43.9322
241,SOM,SO,Somalia,Sub-Saharan Africa ,Mogadishu,45.3254,2.07515
242,SRB,RS,Serbia,Europe & Central Asia,Belgrade,20.4656,44.8024
243,SSA,ZF,Sub-Saharan Africa (excluding high income),Aggregates,,,
244,SSD,SS,South Sudan,Sub-Saharan Africa ,Juba,31.6,4.85
245,SSF,ZG,Sub-Saharan Africa ,Aggregates,,,
246,SST,S1,Small states,Aggregates,,,
247,STP,ST,Sao Tome and Principe,Sub-Saharan Africa ,Sao Tome,6.6071,0.20618
248,SUR,SR,Suriname,Latin America & Caribbean ,Paramaribo,-55.1679,5.8232
249,SVK,SK,Slovak Republic,Europe & Central Asia,Bratislava,17.1073,48.1484
250,SVN,SI,Slovenia,Europe & Central Asia,Ljubljana,14.5044,46.0546
251,SWE,SE,Sweden,Europe & Central Asia,Stockholm,18.0645,59.3327
252,SWZ,SZ,Eswatini,Sub-Saharan Africa ,Mbabane,31.4659,-26.5225
253,SXM,SX,Sint Maarten (Dutch part),Latin America & Caribbean ,Philipsburg,,
254,SXZ,A4,Sub-Saharan Africa excluding South Africa,Aggregates,,,
255,SYC,SC,Seychelles,Sub-Saharan Africa ,Victoria,55.4466,-4.6309
256,SYR,SY,Syrian Arab Republic,Middle East & North Africa,Damascus,36.3119,33.5146
257,TCA,TC,Turks and Caicos Islands,Latin America & Caribbean ,Grand Turk,-71.141389,21.4602778
258,TCD,TD,Chad,Sub-Saharan Africa ,N'Djamena,15.0445,12.1048
259,TEA,T4,East Asia & Pacific (IDA & IBRD countries),Aggregates,,,
260,TEC,T7,Europe & Central Asia (IDA & IBRD countries),Aggregates,,,
261,TGO,TG,Togo,Sub-Saharan Africa ,Lome,1.2255,6.1228
262,THA,TH,Thailand,East Asia & Pacific,Bangkok,100.521,13.7308
263,TJK,TJ,Tajikistan,Europe & Central Asia,Dushanbe,68.7864,38.5878
264,TKM,TM,Turkmenistan,Europe & Central Asia,Ashgabat,58.3794,37.9509
265,TLA,T2,Latin America & the Caribbean (IDA & IBRD countries),Aggregates,,,
266,TLS,TL,Timor-Leste,East Asia & Pacific,Dili,125.567,-8.56667
267,TMN,T3,Middle East & North Africa (IDA & IBRD countries),Aggregates,,,
268,TON,TO,Tonga,East Asia & Pacific,Nuku'alofa,-175.216,-21.136
269,TSA,T5,South Asia (IDA & IBRD),Aggregates,,,
270,TSS,T6,Sub-Saharan Africa (IDA & IBRD countries),Aggregates,,,
271,TTO,TT,Trinidad and Tobago,Latin America & Caribbean ,Port-of-Spain,-61.4789,10.6596
272,TUN,TN,Tunisia,Middle East & North Africa,Tunis,10.21,36.7899
273,TUR,TR,Turkiye,Europe & Central Asia,Ankara,32.3606,39.7153
274,TUV,TV,Tuvalu,East Asia & Pacific,Funafuti,179.089567,-8.6314877
275,TZA,TZ,Tanzania,Sub-Saharan Africa ,Dodoma,35.7382,-6.17486
276,UGA,UG,Uganda,Sub-Saharan Africa ,Kampala,32.5729,0.314269
277,UKR,UA,Ukraine,Europe & Central Asia,Kiev,30.5038,50.4536
278,UMC,XT,Upper middle income,Aggregates,,,
279,URY,UY,Uruguay,Latin America & Caribbean ,Montevideo,-56.0675,-34.8941
280,USA,US,United States,North America,Washington D.C.,-77.032,38.8895
281,UZB,UZ,Uzbekistan,Europe & Central Asia,Tashkent,69.269,41.3052
282,VCT,VC,St. Vincent and the Grenadines,Latin America & Caribbean ,Kingstown,-61.2653,13.2035
283,VEN,VE,"Venezuela, RB",Latin America & Caribbean ,Caracas,-69.8371,9.08165
284,VGB,VG,British Virgin Islands,Latin America & Caribbean ,Road Town,-64.623056,18.431389
285,VIR,VI,Virgin Islands (U.S.),Latin America & Caribbean ,Charlotte Amalie,-64.8963,18.3358
286,VNM,VN,Viet Nam,East Asia & Pacific,Hanoi,105.825,21.0069
287,VUT,VU,Vanuatu,East Asia & Pacific,Port-Vila,168.321,-17.7404
288,WLD,1W,World,Aggregates,,,
289,WSM,WS,Samoa,East Asia & Pacific,Apia,-171.752,-13.8314
290,XKX,XK,Kosovo,Europe & Central Asia,Pristina,20.926,42.565
291,XZN,A5,Sub-Saharan Africa excluding South Africa and Nigeria,Aggregates,,,
292,YEM,YE,"Yemen, Rep.",Middle East & North Africa,Sana'a,44.2075,15.352
293,ZAF,ZA,South Africa,Sub-Saharan Africa ,Pretoria,28.1871,-25.746
294,ZMB,ZM,Zambia,Sub-Saharan Africa ,Lusaka,28.2937,-15.3982
295,ZWE,ZW,Zimbabwe,Sub-Saharan Africa ,Harare,31.0672,-17.8312
